datetime,precip,tmin,tmax
10/1/2009,0,20,33.8
10/2/2009,0,18.9,33.5
10/3/2009,1.37852917522148,19.7,30
10/4/2009,1.09813080554372,19.5,29.5
10/5/2009,6.11533922476071,19,30
10/6/2009,11.9735404194757,19.5,29.5
10/7/2009,70.4406097160998,17.5,28.5
10/8/2009,23.4656430649385,16.5,29.5
10/9/2009,1.18493598029914,15.6,29.6
10/10/2009,1.7940049854661,16,29
10/11/2009,0,14.5,28
10/12/2009,0,14.5,29.6
10/13/2009,0,14,29.6
10/14/2009,0,16,28.6
10/15/2009,0,15,29.5
10/16/2009,0,13.5,28.5
10/17/2009,0,14,28.3
10/18/2009,0,13.9,28.4
10/19/2009,0,15.3,28.4
10/20/2009,1.19084813690422,11.5,29.2
10/21/2009,0,12.5,26.2
10/22/2009,0,14,25.9
10/23/2009,0,12.6,24.9
10/24/2009,0,14.5,24.5
10/25/2009,0,13.5,24.4
10/26/2009,0,12.5,22.6
10/27/2009,0,12.4,21.6
10/28/2009,0,12.5,20
10/29/2009,0,12.9,19.9
10/30/2009,0,10.6,19.5
10/31/2009,0,9.6,20
11/1/2009,0,14.3,20
11/2/2009,0,14,20.3
11/3/2009,0,14,20.7
11/4/2009,0,10.4,20.2
11/5/2009,0,9.9,20.3
11/6/2009,0,16.5,20.5
11/7/2009,0,10.3,18.5
11/8/2009,0,10.3,18.5
11/9/2009,0,11,19
11/10/2009,0,10.5,19.6
11/11/2009,0,11.5,18
11/12/2009,0,12,17.5
11/13/2009,0,13.9,18.9
11/14/2009,0.115408660179425,13.5,19.4
11/15/2009,0,13.5,19.5
11/16/2009,0.159659394962152,13.5,19
11/17/2009,0,13.5,18.5
11/18/2009,0,13,18.6
11/19/2009,0,10.3,18.5
11/20/2009,0,11.5,18.9
11/21/2009,0,11,20
11/22/2009,0,12.5,19.5
11/23/2009,0,10.5,19
11/24/2009,0,10.5,19.5
11/25/2009,0,10.5,19.6
11/26/2009,0,10.5,18
11/27/2009,0,10,18.5
11/28/2009,0,13,18.5
11/29/2009,0,10.5,18
11/30/2009,0,9.9,18.5
12/1/2009,0,9.5,19.9
12/2/2009,0,11,20.6
12/3/2009,0,9.8,19.5
12/4/2009,0,8.5,19
12/5/2009,0,9.5,18.5
12/6/2009,0,13.5,18.5
12/7/2009,0,13.2,19.6
12/8/2009,0,13,19
12/9/2009,0,13.5,18.5
12/10/2009,0,13.5,17.5
12/11/2009,0,12.4,16.9
12/12/2009,0,12,16.4
12/13/2009,0,11,18
12/14/2009,0,13,17.9
12/15/2009,0,12,18
12/16/2009,0,10.5,23
12/17/2009,0,10,22.5
12/18/2009,0,9.5,22
12/19/2009,0,8.5,24
12/20/2009,0,8.4,25
12/21/2009,0,8.5,24.5
12/22/2009,0,8.5,24
12/23/2009,0,7.8,23.5
12/24/2009,0,6.6,23.5
12/25/2009,0,6.5,22.5
12/26/2009,0,8.5,22
12/27/2009,0,8,23
12/28/2009,0,6.3,21.5
12/29/2009,0,6.5,20.5
12/30/2009,0,9,20
12/31/2009,0.0974073887286479,9.5,20
1/1/2010,0,5.5,19
1/2/2010,0,5.6,24.6
1/3/2010,0,5,26.5
1/4/2010,0,8,27
1/5/2010,0,7.2,24
1/6/2010,0,5.5,22.6
1/7/2010,0,6.5,25.5
1/8/2010,0,7.5,27.6
1/9/2010,0,7,27.4
1/10/2010,0,5.5,25.5
1/11/2010,0,5,24.6
1/12/2010,0,5.2,22.5
1/13/2010,0,6.5,23.6
1/14/2010,0,7,22.5
1/15/2010,0,7,22
1/16/2010,1.17083556305578,7,23.5
1/17/2010,0,7.5,26.5
1/18/2010,0,7.8,26
1/19/2010,0,7,26.5
1/20/2010,0,7.8,26.5
1/21/2010,0,7.4,26
1/22/2010,0,8.5,25
1/23/2010,0,8,27
1/24/2010,0,8,25.2
1/25/2010,0.129876518304864,8.5,28
1/26/2010,0,7.5,26.5
1/27/2010,0,7.4,26
1/28/2010,0,7.5,23.4
1/29/2010,0.399370293787456,8.4,23.4
1/30/2010,0,9,23.5
1/31/2010,0,9.5,22.5
2/1/2010,0.0561674159430982,9,25
2/2/2010,0,8,24.5
2/3/2010,0,8,23.8
2/4/2010,0,8,23
2/5/2010,0,8.5,21.5
2/6/2010,0,9.5,21.8
2/7/2010,0,10,21.5
2/8/2010,0,12,22
2/9/2010,10.8057122759253,12.7,22
2/10/2010,20.1246109456533,9.5,16
2/11/2010,6.21670362355282,8.8,21.5
2/12/2010,3.05131974981195,10,24.5
2/13/2010,0,13.1,19.3
2/14/2010,0,9.5,23.2
2/15/2010,0,9.6,23.5
2/16/2010,0,10,25.5
2/17/2010,0,11.5,24.5
2/18/2010,0,10.5,26
2/19/2010,0.587691288342342,9,23.5
2/20/2010,0,11.5,24.5
2/21/2010,0,11,23.5
2/22/2010,0,9,23.4
2/23/2010,0.0459551584988984,12.5,23.5
2/24/2010,5.0732840325684,9.5,24
2/25/2010,0,11,25.5
2/26/2010,0,12.5,26
2/27/2010,0,12.7,26
2/28/2010,0,14.6,27
3/1/2010,5.58807882367533,17.2,29.5
3/2/2010,5.23600439397912,13,26.6
3/3/2010,0,14,27.7
3/4/2010,0,17.5,27.7
3/5/2010,0.23198340329303,14,28.5
3/6/2010,0.389629554914592,13,28.8
3/7/2010,0,14,28.2
3/8/2010,0,12.5,29.5
3/9/2010,0.0170204290736661,13.5,29.6
3/10/2010,0,13,29.1
3/11/2010,0,14.5,28.6
3/12/2010,0,13,29.6
3/13/2010,1.47773843539269,12.2,27.5
3/14/2010,0.513326050899691,13.6,28.4
3/15/2010,13.5321296010153,15.1,28.6
3/16/2010,0,15.5,29
3/17/2010,0,15.5,31.2
3/18/2010,0,17,33
3/19/2010,0.357160425338376,17,34.7
3/20/2010,0,17.8,34.2
3/21/2010,0,19,32.5
3/22/2010,0.386639005488383,20.2,31
3/23/2010,0,19.5,33.2
3/24/2010,0,19.5,33.7
3/25/2010,0,20.2,34.1
3/26/2010,0,17.5,33.5
3/27/2010,0.666721132347385,16.2,33
3/28/2010,2.72029031420502,17,32.5
3/29/2010,0.129876518304864,19,31
3/30/2010,12.6362075275918,16.4,27.2
3/31/2010,28.9386395191004,16.5,31.5
4/1/2010,5.09174475392338,13.5,31
4/2/2010,0,13,33.5
4/3/2010,0,17,36
4/4/2010,0,18.2,33.3
4/5/2010,0,18.5,34.6
4/6/2010,0,18.2,32.5
4/7/2010,0,18,33.2
4/8/2010,0,19.5,32.8
4/9/2010,0.357160425338376,19.5,33.2
4/10/2010,4.02104565707918,21,33.5
4/11/2010,0,18,34.2
4/12/2010,0,20.5,36.5
4/13/2010,0,19.5,35.2
4/14/2010,1.62388382305121,19,33.9
4/15/2010,0.259753036609728,19.5,36.2
4/16/2010,0.363654251253619,20,34
4/17/2010,98.3019660966943,20,32.6
4/18/2010,5.65176038944878,19.5,30.2
4/19/2010,60.2105673626542,19,33.6
4/20/2010,17.0974915088969,20.5,33.5
4/21/2010,6.03156848561878,17,34.8
4/22/2010,1.39348716462021,18.5,34.5
4/23/2010,0,20.5,34.2
4/24/2010,0.262922106532114,20.2,34.6
4/25/2010,4.86405897084412,18.4,32.2
4/26/2010,0.278380083951636,20.5,33.1
4/27/2010,3.28652633165143,17.5,31.7
4/28/2010,7.55721136154187,20.1,30
4/29/2010,0.389629554914592,22.4,31
4/30/2010,2.71133556041599,16.5,30.5
5/1/2010,3.17548618700912,21,31.9
5/2/2010,3.11249627983857,18.5,30.7
5/3/2010,0.389629554914592,18.2,32
5/4/2010,0,19.5,33.4
5/5/2010,0,19.5,33.4
5/6/2010,26.2447242541065,19.5,29
5/7/2010,18.8104616327382,19,29
5/8/2010,0.0390613926761132,19.5,29
5/9/2010,7.76508676205794,17.5,30.5
5/10/2010,0.0621431247119983,19.5,32
5/11/2010,0.422098684490808,20,32.5
5/12/2010,3.38533421009301,18.8,33
5/13/2010,0.0621431247119983,19.5,34
5/14/2010,1.57753263919269,19,34.5
5/15/2010,1.23724481756283,18.1,32.5
5/16/2010,0,19.5,33.5
5/17/2010,0,20.5,33.2
5/18/2010,41.4068120295384,20.5,30.5
5/19/2010,18.590555378298,21.5,31.5
5/20/2010,43.9266690250533,18.5,32.5
5/21/2010,23.7622551829909,16.5,34
5/22/2010,12.6139486038915,19.5,32.5
5/23/2010,3.02189954623477,20.5,31
5/24/2010,0.87837544539114,19.5,29.2
5/25/2010,2.38623241517181,18.5,30.5
5/26/2010,40.4048766635497,20,27.5
5/27/2010,2.41466814402078,18.5,30.6
5/28/2010,47.6044708441821,18.5,31
5/29/2010,6.54603519344824,18.5,31.6
5/30/2010,1.86269294122511,20.5,32.5
5/31/2010,2.11883482967644,18,35.5
6/1/2010,0.292222166185944,19.5,32.5
6/2/2010,0.259753036609728,19.5,32
6/3/2010,0.298715992101187,20,32.5
6/4/2010,1.74137079941083,20.5,33
6/5/2010,43.3042065021747,19.5,34
6/6/2010,13.2615021901402,19.5,31
6/7/2010,0,19.5,31.5
6/8/2010,0.798296974810761,20.3,34.7
6/9/2010,0,21.5,34
6/10/2010,0,22.5,33
6/11/2010,0,20.5,33.6
6/12/2010,2.66007635776007,20,34.5
6/13/2010,1.57753263919269,21,32.5
6/14/2010,1.70899369245874,19.5,33
6/15/2010,26.3556396475653,20.5,32.5
6/16/2010,3.08357141753014,22,32.5
6/17/2010,24.9104864071918,21.5,31
6/18/2010,11.4854688517414,21,31.5
6/19/2010,5.36657972737881,24.7,32.7
6/20/2010,71.5084565545707,21.5,31.5
6/21/2010,5.1654971133248,22,29.5
6/22/2010,92.2533574506393,22.5,32.6
6/23/2010,0.784012714712763,22.3,30.5
6/24/2010,19.4902900682671,21.3,32
6/25/2010,12.9712452592493,21.8,32
6/26/2010,24.6512399463324,22.1,33.5
6/27/2010,35.6668500605366,22.5,31.5
6/28/2010,73.4401300108552,21,30.5
6/29/2010,6.82685994834155,21.8,31.6
6/30/2010,10.4815660887637,22.3,30.5
7/1/2010,39.0669911631573,21.8,30.5
7/2/2010,54.8122253594011,21.2,31.8
7/3/2010,26.6806857316746,21.2,30.9
7/4/2010,0.953737887175155,22.3,32.4
7/5/2010,34.1722319515265,21.2,31.7
7/6/2010,28.0628011885478,22,30.9
7/7/2010,7.29204576611097,22,30.4
7/8/2010,0.2905754923072,22,31.3
7/9/2010,7.46522309845991,22.5,27.9
7/10/2010,82.0026957954343,22.5,27.8
7/11/2010,77.6554934264481,22,27.5
7/12/2010,1.1429190206295,22,28.4
7/13/2010,18.4537971582111,21.5,30.8
7/14/2010,22.6275362642972,22.5,32.1
7/15/2010,14.6210831887261,22.9,29.9
7/16/2010,26.9051876357045,22.9,27.3
7/17/2010,11.1341643079272,21.6,28.7
7/18/2010,15.4540117747701,22.2,30.2
7/19/2010,52.3411919509811,22.9,26.8
7/20/2010,18.4073038526392,21.5,30.7
7/21/2010,12.2550304938544,22.3,30.3
7/22/2010,48.6963553463692,22,30.7
7/23/2010,2.35999320819224,22.5,29.3
7/24/2010,10.5012822106648,22.5,31.7
7/25/2010,39.6577195348654,22.8,32.8
7/26/2010,13.2456287059915,21.8,32.5
7/27/2010,30.8385643628103,22,27.2
7/28/2010,1.11725377514074,21,32
7/29/2010,79.4630822977677,22.6,30.8
7/30/2010,80.1156101776331,21.3,30.2
7/31/2010,23.2840545606336,20.9,30.6
8/1/2010,0.563168524970433,22.2,32.2
8/2/2010,1.72898125746558,22.8,30.5
8/3/2010,22.3450605392079,21.5,30.8
8/4/2010,27.3891212603617,22.5,31.2
8/5/2010,17.705688764798,22,32
8/6/2010,17.9574499395192,22,31.2
8/7/2010,18.6549371295115,22,31.3
8/8/2010,9.31346528760268,22.8,31.5
8/9/2010,20.1201613425455,22.5,31
8/10/2010,0.582991792082824,22.8,31.5
8/11/2010,10.178226635755,23,30.5
8/12/2010,14.013593628511,21.5,31
8/13/2010,12.6098361630548,22.5,29.2
8/14/2010,23.990489338022,22,32.4
8/15/2010,30.6980828380391,22.5,30.5
8/16/2010,15.8690034520408,23,30.8
8/17/2010,20.1085453189587,22.5,28.3
8/18/2010,12.5293337672827,22.5,31
8/19/2010,23.6624202422858,22.5,28.5
8/20/2010,22.3231632843171,22.6,30.6
8/21/2010,38.2760568923116,22.6,27.3
8/22/2010,56.2468015116148,21.3,26.5
8/23/2010,21.9107403102658,22.2,26
8/24/2010,25.4026269157012,21.7,25.5
8/25/2010,6.88644063916292,21,27.2
8/26/2010,2.95572287176101,21.2,32
8/27/2010,1.61448483053217,22,27.7
8/28/2010,24.9002360807189,21,27.8
8/29/2010,40.3243304670932,22,32.3
8/30/2010,67.4289987699717,21.4,30.8
8/31/2010,55.3300340668506,22,30.2
9/1/2010,29.9373570434628,22,29.5
9/2/2010,25.1295899326564,22.2,30.5
9/3/2010,30.198963249627,22.2,29.9
9/4/2010,40.0282938983845,21.2,27.3
9/5/2010,1.43974964070585,21.5,31.3
9/6/2010,44.8628530671121,22.5,31
9/7/2010,15.6763630340484,21.8,28.2
9/8/2010,10.4655865876909,21,32.3
9/9/2010,0.511816027533729,20.5,32.2
9/10/2010,31.1347885589319,22,32.2
9/11/2010,8.57049371853388,21.1,31.3
9/12/2010,31.4382032792009,21.2,30
9/13/2010,20.3470085627303,21,30.5
9/14/2010,19.498961884493,21.3,30.7
9/15/2010,13.5681035890255,21.2,30
9/16/2010,17.6801591646744,20.5,29.6
9/17/2010,6.80818536803807,21,26.3
9/18/2010,5.51501196075357,20.5,31.3
9/19/2010,3.04823717776161,20.5,31
9/20/2010,2.55480798564954,20.2,28.8
9/21/2010,12.5836780384238,20.5,30.5
9/22/2010,17.9714435259009,21,28
9/23/2010,25.0231560009178,20.5,28.8
9/24/2010,15.9718817751641,19.5,30.6
9/25/2010,0,18.6,30.6
9/26/2010,0.773278010976766,18,30.8
9/27/2010,0.386639005488383,17.6,30.6
9/28/2010,3.17050809020487,18.5,30.3
9/29/2010,0,19.5,30.3
9/30/2010,3.06218092346799,20.5,29.9
10/1/2010,0,20.2,30.6
10/2/2010,0,21,30.7
10/3/2010,0,17.5,30.4
10/4/2010,0,17,30.5
10/5/2010,0,18,30.4
10/6/2010,0,16.5,30.7
10/7/2010,0,17.3,30
10/8/2010,0.355707885049312,18.5,30
10/9/2010,13.6639399873597,19.2,28.7
10/10/2010,0.324776764610242,18,28.6
10/11/2010,0,18,29.4
10/12/2010,0,16.2,29.3
10/13/2010,0.0798983032011406,14.6,29.9
10/14/2010,0.10475555308594,15,30.2
10/15/2010,0,16.1,30.3
10/16/2010,0,20.1,28.7
10/17/2010,11.1771006508455,19.3,28.2
10/18/2010,9.44039179296475,19.6,28.4
10/19/2010,0,17.8,30.3
10/20/2010,21.3943589249284,17.5,30.8
10/21/2010,11.9080427704356,17.5,29
10/22/2010,0,15.4,29.5
10/23/2010,0.788766319596343,15.1,28.6
10/24/2010,11.8689233893583,14.5,28.8
10/25/2010,0,14.5,29
10/26/2010,0,14,28
10/27/2010,0,12,27.9
10/28/2010,0,11.5,27.5
10/29/2010,0,13,27.3
10/30/2010,0,18.5,28.3
10/31/2010,0,15,27.5
11/1/2010,0.316042177106734,13.3,27.6
11/2/2010,0,12.5,26.5
11/3/2010,0,13.4,27.3
11/4/2010,0,13.4,30.6
11/5/2010,0,13.3,28.8
11/6/2010,0,12.9,27.6
11/7/2010,0,13.3,27.9
11/8/2010,0,13.3,27.5
11/9/2010,0,14.8,27.5
11/10/2010,0,13.5,27.2
11/11/2010,0,15,27.5
11/12/2010,0,14.6,26.4
11/13/2010,0,13,25.4
11/14/2010,0,15.5,25.5
11/15/2010,0,14,24.9
11/16/2010,0,14.5,24
11/17/2010,0,13,25.4
11/18/2010,0,15,23.5
11/19/2010,0.0994289995391972,13,25.4
11/20/2010,0.0497144997695986,13.5,24.4
11/21/2010,0,11.5,24.5
11/22/2010,0,12,22.5
11/23/2010,0.115408660179425,12.2,22.5
11/24/2010,0,12.5,25
11/25/2010,0,13,24.9
11/26/2010,0,14,22.1
11/27/2010,0,11.9,24.5
11/28/2010,0,13,24.9
11/29/2010,0,11,23.3
11/30/2010,0,10.5,23.5
12/1/2010,0,10,22.5
12/2/2010,0,11,24.4
12/3/2010,0,10.5,23.5
12/4/2010,0,7.6,24.2
12/5/2010,0,7.5,24.4
12/6/2010,0,8,24
12/7/2010,0,8.5,24.1
12/8/2010,0,8.5,25.1
12/9/2010,0,8.4,24.5
12/10/2010,0,9,23
12/11/2010,0,9,23.5
12/12/2010,0,9.3,22.4
12/13/2010,0,9.5,22
12/14/2010,0,8.9,21
12/15/2010,0,8,21.9
12/16/2010,0,9.5,22.7
12/17/2010,0,9,22.9
12/18/2010,0,8.5,22.5
12/19/2010,0,7.9,21.6
12/20/2010,0,8,21.9
12/21/2010,0,9.5,21.6
12/22/2010,0,10.4,21.5
12/23/2010,0,8.9,21.9
12/24/2010,0,9.9,20.5
12/25/2010,0,7.9,20.3
12/26/2010,0,7.5,19.8
12/27/2010,0,7.9,21.8
12/28/2010,0,8.9,20.8
12/29/2010,0,8.5,22.5
12/30/2010,0,8,23.2
12/31/2010,1.27727515969722,7,18.5
1/1/2011,0.950411176293942,8.5,20.5
1/2/2011,0.170121162414889,8.2,19.5
1/3/2011,0,8.5,20
1/4/2011,0,7.9,19.5
1/5/2011,0,8,20.5
1/6/2011,0,7.5,22.5
1/7/2011,0,8.5,22.6
1/8/2011,0,7,22
1/9/2011,0,7.9,21.5
1/10/2011,0,7.9,20.4
1/11/2011,0,6.8,20.5
1/12/2011,0,6.9,20.5
1/13/2011,0,6.5,19.5
1/14/2011,0,5.9,21.2
1/15/2011,0.298715992101187,7.2,22.5
1/16/2011,10.2466822596955,9,17
1/17/2011,1.67028050370981,8,17.6
1/18/2011,0.46396680658606,8.8,15.9
1/19/2011,0.0227283907033512,8.5,14.9
1/20/2011,0,7.5,13.5
1/21/2011,0,7,17.2
1/22/2011,0,8.2,19
1/23/2011,0,7.5,18.2
1/24/2011,0,7,19.9
1/25/2011,0,7.5,21
1/26/2011,0.0389629554914592,7.5,21.9
1/27/2011,0,7,21.3
1/28/2011,0,7,21.4
1/29/2011,0,6.5,21.2
1/30/2011,0.0585920890141698,7.9,21.9
1/31/2011,0,8.9,22.9
2/1/2011,0.0194814777457296,8,22.5
2/2/2011,0.0389629554914592,9.9,20.2
2/3/2011,0,8.4,24
2/4/2011,0,9,24.9
2/5/2011,0,9.5,25
2/6/2011,0,9.4,24.9
2/7/2011,0,10.5,26
2/8/2011,0,11.5,27.4
2/9/2011,0,10.5,25.5
2/10/2011,0,9.5,24.5
2/11/2011,0,9.5,24
2/12/2011,0,10.5,22.5
2/13/2011,0.0259753036609728,11.5,23.6
2/14/2011,0.194814777457296,11.5,25
2/15/2011,0.227283907033512,13,25.2
2/16/2011,11.0890417442073,12,24
2/17/2011,0.695950209879089,11.8,24.5
2/18/2011,11.5311240056934,12,24.6
2/19/2011,2.66098991603587,11.8,22.5
2/20/2011,0,9,25.6
2/21/2011,0.0649382591524319,10.4,25.6
2/22/2011,0.0227283907033512,8.5,24
2/23/2011,0,9.5,24.2
2/24/2011,0,9.9,24.6
2/25/2011,2.66098991603587,10.5,24.5
2/26/2011,1.46922822085586,9.5,24.5
2/27/2011,0,8.6,25
2/28/2011,0,8.3,25.5
3/1/2011,0,9.8,25.7
3/2/2011,0,13.3,28.4
3/3/2011,0,12,26.9
3/4/2011,0.23198340329303,11,26.9
3/5/2011,0,12.9,28.3
3/6/2011,0,10.6,29.4
3/7/2011,0,12.2,26.9
3/8/2011,0.259753036609728,12.5,25
3/9/2011,0.194814777457296,13.5,26.5
3/10/2011,0,13.3,28.5
3/11/2011,0,13.5,28.6
3/12/2011,0,11.5,27.4
3/13/2011,0,11.5,27.4
3/14/2011,0.389629554914592,12.5,27.9
3/15/2011,0,12.5,28.8
3/16/2011,0,14.5,29
3/17/2011,0,16,27.8
3/18/2011,14.9246068378522,16,23.9
3/19/2011,15.4195502616774,14.5,25
3/20/2011,16.5891989131572,16,26
3/21/2011,0.618622408781413,14.9,27.4
3/22/2011,8.51516773131478,15,28.9
3/23/2011,0,15.5,28
3/24/2011,0,15.5,29.5
3/25/2011,0,15.5,29.7
3/26/2011,0,16.4,30
3/27/2011,6.39259695607113,15.5,28.6
3/28/2011,0.23198340329303,15.6,25.5
3/29/2011,1.36099963051916,16,24.4
3/30/2011,3.84092210356822,14.4,25.6
3/31/2011,0.680484649659554,12.9,25.5
4/1/2011,4.18298375329331,13.3,26.6
4/2/2011,0,15.5,28.9
4/3/2011,1.60841826283167,15,29.5
4/4/2011,0,16.6,27.5
4/5/2011,0,13.9,28.4
4/6/2011,0,14.4,29.4
4/7/2011,0,15.5,29.9
4/8/2011,0,17,29.5
4/9/2011,0,17.1,30
4/10/2011,0,16.5,30.5
4/11/2011,0,16,30.1
4/12/2011,3.32509544720009,17.2,29
4/13/2011,1.89303916703122,15.5,23.9
4/14/2011,0.974330293830725,13,25.4
4/15/2011,1.94002074232279,14,24
4/16/2011,0,15.5,28
4/17/2011,5.20189400010608,18.5,29.5
4/18/2011,0.927933613172119,17.5,28.5
4/19/2011,0.0618622408781413,17.6,27.4
4/20/2011,3.09402560218286,14.5,30.2
4/21/2011,3.19318789924304,16.5,31.2
4/22/2011,0,16.5,31.5
4/23/2011,0,17,31.7
4/24/2011,0,18.4,30.4
4/25/2011,0,17,28.9
4/26/2011,4.33821475777989,14.9,30.5
4/27/2011,0,17.1,31.5
4/28/2011,1.86269294122511,14.5,32.2
4/29/2011,0,17.9,30.8
4/30/2011,18.1368560475241,18,29.4
5/1/2011,1.10260438643467,18,29.5
5/2/2011,3.19318789924304,17.5,29.5
5/3/2011,0.292222166185944,17,31.5
5/4/2011,0.389629554914592,18.5,30.8
5/5/2011,0,19,31.5
5/6/2011,8.16753152430337,19,31
5/7/2011,11.3540102912659,16,28
5/8/2011,0,12.2,30.5
5/9/2011,0,17.5,31
5/10/2011,0,18.8,31
5/11/2011,0,18.3,30.3
5/12/2011,4.89614471494907,17.5,30.5
5/13/2011,5.43211305235743,17.5,30.5
5/14/2011,0.129876518304864,19,31
5/15/2011,0.194814777457296,16.8,32.2
5/16/2011,0,20.4,32.9
5/17/2011,0.773278010976766,19,33.5
5/18/2011,6.61522929931344,20.5,31.5
5/19/2011,10.5386819555855,15.9,29.5
5/20/2011,1.76307386502703,19,29.5
5/21/2011,1.82069338878355,17.5,28.6
5/22/2011,48.126675659839,18.5,28
5/23/2011,4.8041864994222,17.5,30.5
5/24/2011,1.11352033580654,17.8,30.4
5/25/2011,12.7727515969722,20.5,30.2
5/26/2011,30.3349599340264,20.5,26.5
5/27/2011,4.88720802297333,17.5,30
5/28/2011,5.48800296833935,19.5,30
5/29/2011,0,21.5,31.6
5/30/2011,4.8305936234911,20,30.4
5/31/2011,0.110082106632683,20.5,29.5
6/1/2011,5.8710729350384,19.5,29.6
6/2/2011,32.7296022246476,20.5,30.6
6/3/2011,2.1287919328287,19.5,32
6/4/2011,1.45103497190273,17.5,31.1
6/5/2011,0.0974073887286479,19.9,32.2
6/6/2011,0,19.5,32.2
6/7/2011,31.7999914912265,19.5,28.5
6/8/2011,1.76307386502703,17.5,29.5
6/9/2011,10.8231401202838,18,28.6
6/10/2011,0.309311204390706,19,29
6/11/2011,5.88614093824629,17.5,31.5
6/12/2011,12.7921273774644,21,30.5
6/13/2011,8.42689316542701,19.5,31.6
6/14/2011,32.3891529169894,20,32
6/15/2011,20.0507095316904,20.5,31.5
6/16/2011,8.93920217599245,21.5,31.6
6/17/2011,8.98991061656591,21.6,28.5
6/18/2011,29.8255779324719,21,30.2
6/19/2011,6.37162208644079,21.5,26.5
6/20/2011,7.65465443177574,20.5,31.6
6/21/2011,0.80873768997919,21,32.2
6/22/2011,23.1977384198783,21.5,32
6/23/2011,23.1715503121062,22,31.5
6/24/2011,9.34878939057686,22.3,31.6
6/25/2011,85.6891478171108,21.4,30.6
6/26/2011,17.214918280702,21,29.5
6/27/2011,24.9863039331488,20.6,31
6/28/2011,28.3867253053082,21.8,30
6/29/2011,52.6115315470897,21.2,28.5
6/30/2011,47.7805500946709,21.5,25.5
7/1/2011,66.2766970131414,20.5,24.9
7/2/2011,15.26454790287,20,31.5
7/3/2011,18.9677508617301,21.5,30.9
7/4/2011,19.8774073530468,22.5,30.5
7/5/2011,6.79818293563296,21.5,29.5
7/6/2011,33.874857165571,21.9,28.8
7/7/2011,0.253406866471466,21.5,27.2
7/8/2011,0.479688687324175,21,31
7/9/2011,16.1756179096492,21.5,32
7/10/2011,26.0023701705978,22,31.4
7/11/2011,10.0189487503384,21.5,32.5
7/12/2011,13.5213239660035,22.5,31.2
7/13/2011,41.8846860605547,22,32
7/14/2011,41.6023693762499,21.5,30.3
7/15/2011,68.6304998089052,21.5,30.2
7/16/2011,36.3021351848307,22,31.8
7/17/2011,8.64029220867503,20.5,31.5
7/18/2011,5.77010650217574,21.5,32
7/19/2011,15.4316409873502,20.5,32.5
7/20/2011,72.6935652525246,21.6,30.5
7/21/2011,17.7099326172646,21.5,31
7/22/2011,1.45837668804776,22,31.5
7/23/2011,13.0444421751601,21.5,30.2
7/24/2011,0.691250713619571,21.5,29.5
7/25/2011,16.5104311636445,21.9,31
7/26/2011,12.9493230461351,22,28.5
7/27/2011,41.836350022554,21.5,28.5
7/28/2011,54.3910262765355,20.8,28.9
7/29/2011,17.9120296794959,21.5,27.5
7/30/2011,52.1580303947318,21.5,28.5
7/31/2011,40.1324067038549,22.5,30
8/1/2011,13.2081896230612,21.5,31.5
8/2/2011,19.2508713088177,21.8,30.2
8/3/2011,19.4899161479842,21.9,31
8/4/2011,5.09016181010516,22,30.8
8/5/2011,2.89214317185326,22.1,30.5
8/6/2011,19.2729069886619,21.5,31.4
8/7/2011,72.6040699396077,20.7,32.5
8/8/2011,9.88082490303044,21,31.8
8/9/2011,2.02241042493533,20.5,30.9
8/10/2011,7.76884366204358,20.9,32.1
8/11/2011,6.62086507520088,21.5,29.9
8/12/2011,1.92135434921547,20.9,28.9
8/13/2011,0.166652584836303,19.9,30
8/14/2011,18.3843100174402,21.5,29.4
8/15/2011,15.8155785508269,21,30.4
8/16/2011,9.221728663,21.5,28.6
8/17/2011,54.5917238336161,21.5,29.5
8/18/2011,32.1670809975808,20.5,28.5
8/19/2011,16.0978459042575,20.9,28.9
8/20/2011,8.85986683363227,20.1,28.8
8/21/2011,0.454567814067024,21,32.5
8/22/2011,0.473194861408931,22,29.5
8/23/2011,45.2427597040633,21.5,28
8/24/2011,10.0571689479831,21.9,29.9
8/25/2011,66.919446314508,21.5,31
8/26/2011,32.0850327463696,21,30.5
8/27/2011,23.4434055317295,20,31.3
8/28/2011,0,21.5,31.6
8/29/2011,6.7493236523655,21.6,31.2
8/30/2011,7.13701949722476,22.6,32.5
8/31/2011,2.54454273386084,21.5,32.6
9/1/2011,1.0052614142698,21,32
9/2/2011,19.1845979439926,21.5,31.4
9/3/2011,0,19.5,31.6
9/4/2011,0.541294607683736,20,32.4
9/5/2011,1.7940049854661,19.5,32.6
9/6/2011,0,20.5,31
9/7/2011,3.20461048358589,21,29
9/8/2011,13.5110004613626,21.5,30.4
9/9/2011,19.6761355078422,22,31.6
9/10/2011,8.8233182150453,20.5,32
9/11/2011,22.0739624165668,21.6,30.6
9/12/2011,12.33407621288,21.5,31.8
9/13/2011,6.03156848561878,21,32.5
9/14/2011,3.65766186292021,21,29.9
9/15/2011,1.39190041975818,22,31.6
9/16/2011,7.02354837001119,19.5,31.5
9/17/2011,12.6740910537093,19.8,31
9/18/2011,2.96171923584113,20.9,31.6
9/19/2011,59.3783846273786,20.5,30.5
9/20/2011,8.15028762688849,20.5,29.2
9/21/2011,11.28135483624,20,28.5
9/22/2011,6.29212518269469,19,30.6
9/23/2011,5.39997050353501,20,28.6
9/24/2011,43.2145205350395,19,27
9/25/2011,6.44805388086229,19.5,26.6
9/26/2011,11.14785754935,19,28.6
9/27/2011,3.22259600290763,19,30.3
9/28/2011,0.357160425338376,18.9,30
9/29/2011,0.154655602195353,19.2,30.5
9/30/2011,0,20.5,31.9
10/1/2011,6.70451371656892,18.3,31.2
10/2/2011,0,17.5,30.2
10/3/2011,0,17,24.8
10/4/2011,0,17,30.3
10/5/2011,0,19,31
10/6/2011,0,17,31.1
10/7/2011,0,16.6,31.3
10/8/2011,0,17,31
10/9/2011,0,16,30.9
10/10/2011,0,15.8,30.2
10/11/2011,0,15.5,30
10/12/2011,0,16.3,30.9
10/13/2011,0,17,30.5
10/14/2011,0,19,29.4
10/15/2011,0,18.6,29.5
10/16/2011,0,17.5,29.9
10/17/2011,1.45376266063632,16.5,29.9
10/18/2011,0,15.5,29.2
10/19/2011,0.0870003745967976,15,29.5
10/20/2011,0,15.9,27.5
10/21/2011,0,17.5,28.3
10/22/2011,0,12.5,28.7
10/23/2011,0,13.5,28.5
10/24/2011,0,14.9,28
10/25/2011,0,16,28.9
10/26/2011,1.41549625221476,15.9,27.9
10/27/2011,5.59853279947179,12.3,26
10/28/2011,0,13.5,27.9
10/29/2011,0,14.7,25.5
10/30/2011,0,13.1,26.1
10/31/2011,0,15,25.8
11/1/2011,0.046396680658606,13.4,25.3
11/2/2011,0,14.5,22.4
11/3/2011,0,14.2,22.2
11/4/2011,15.061202924763,14,22.9
11/5/2011,2.49776001205509,14.5,20.9
11/6/2011,16.6186774933072,13.5,22.1
11/7/2011,14.613198759897,11.5,22.4
11/8/2011,0,11,24
11/9/2011,1.86269294122511,10.5,25
11/10/2011,0,11,26
11/11/2011,0,12,25.6
11/12/2011,0.0519506073219455,16,22.5
11/13/2011,4.46498492661041,16,20.5
11/14/2011,0.695950209879089,15.5,20
11/15/2011,0.129876518304864,12,22.5
11/16/2011,0.278380083951636,14,20.5
11/17/2011,0,11.8,21.5
11/18/2011,0,10.8,22.3
11/19/2011,0,13,22.5
11/20/2011,0,9.5,23.8
11/21/2011,0,9,25.5
11/22/2011,0,10,26.5
11/23/2011,0,10.5,26.2
11/24/2011,0,9.5,26
11/25/2011,0,9.8,25.3
11/26/2011,0,10.8,25
11/27/2011,0,10,25.5
11/28/2011,0,10,24.5
11/29/2011,0,12,23.5
11/30/2011,0,13,23.5
12/1/2011,0,10,19
12/2/2011,0,10.5,19.5
12/3/2011,0,10.5,21.2
12/4/2011,0,11.2,21.5
12/5/2011,0,11,21.5
12/6/2011,0,10.5,22.2
12/7/2011,0,9.4,22.2
12/8/2011,0,9.5,24.5
12/9/2011,0,10.2,23
12/10/2011,0,9,22.7
12/11/2011,0,8,19
12/12/2011,0,8,19.5
12/13/2011,0,6.6,19.6
12/14/2011,0,6.2,19
12/15/2011,0,6.5,19.6
12/16/2011,0,7,19.8
12/17/2011,0,7.5,19.9
12/18/2011,0,7.9,20.5
12/19/2011,0,6.5,21.3
12/20/2011,0,6.9,21
12/21/2011,0,5.4,21.3
12/22/2011,0,4.9,21.5
12/23/2011,0,5.5,20.8
12/24/2011,0,5.2,22.5
12/25/2011,0,5.8,21.8
12/26/2011,0,6.5,21.5
12/27/2011,0,7.5,22
12/28/2011,0,6.5,22.5
12/29/2011,0,6,22.2
12/30/2011,0,5.5,23
12/31/2011,0,5.4,23.6
1/1/2012,0.552713481680577,8.5,18.4
1/2/2012,17.0346885578132,9.5,20.4
1/3/2012,1.65244702425176,7.5,18
1/4/2012,1.4603714763228,7.5,20.4
1/5/2012,0.999023908873133,5.5,19.5
1/6/2012,0,7.8,19.5
1/7/2012,0,5.6,19.5
1/8/2012,0.194814777457296,6.5,19.3
1/9/2012,0.129876518304864,8.9,17.2
1/10/2012,0.0649382591524319,5.5,17.5
1/11/2012,0,6,19.5
1/12/2012,1.29138565253122,4,17.4
1/13/2012,0,4.1,19.6
1/14/2012,0.103901214643891,4.5,19.4
1/15/2012,0.504125981848002,7,18.6
1/16/2012,0.161149428110596,4.5,18.5
1/17/2012,0,5,19
1/18/2012,0,5.7,21.5
1/19/2012,0,7.8,20.9
1/20/2012,1.15051802394611,4.5,19.5
1/21/2012,0.16234564788108,4,19.5
1/22/2012,0.227283907033512,5.2,19
1/23/2012,0.0974073887286479,5,20.2
1/24/2012,0,7.4,20
1/25/2012,0,6,21.3
1/26/2012,0.819674691635372,6.6,20.6
1/27/2012,0,6,22
1/28/2012,0.0974073887286479,5.3,20.6
1/29/2012,0.227283907033512,5.6,20.6
1/30/2012,0,6.9,21.5
1/31/2012,0,7,20.8
2/1/2012,0.194814777457296,5,20
2/2/2012,0,5.8,20.5
2/3/2012,0,6.3,21.3
2/4/2012,0,6.9,22.8
2/5/2012,0,8.6,24.2
2/6/2012,0,7.6,24.5
2/7/2012,15.7071152069741,8.8,25.5
2/8/2012,31.459560144747,10.5,17
2/9/2012,7.30610656866881,7.5,18.5
2/10/2012,0,4.5,21
2/11/2012,0,5.8,20
2/12/2012,0,6,20.4
2/13/2012,0,6.5,18
2/14/2012,0,7,21.8
2/15/2012,0.250348016696907,11,26.8
2/16/2012,0,8,21.5
2/17/2012,0,8.6,24.8
2/18/2012,0,8.8,25.2
2/19/2012,0,8.4,24.2
2/20/2012,0,9.3,23.8
2/21/2012,0,13.3,21.8
2/22/2012,0,9.9,24.4
2/23/2012,0,10.5,28
2/24/2012,0,10.5,28.2
2/25/2012,0,11.5,27.8
2/26/2012,0,10.6,27.5
2/27/2012,0,9.5,26
2/28/2012,0,9.8,26.1
2/29/2012,0,10.6,24
3/1/2012,0,5.8,20.5
3/2/2012,0,9.5,23.8
3/3/2012,0,9.8,25.2
3/4/2012,0,10.6,24.2
3/5/2012,0.23198340329303,11.4,27.5
3/6/2012,0,10.5,25.3
3/7/2012,0,10.2,26.7
3/8/2012,1.36096929931911,10.5,26
3/9/2012,0,9.5,25.3
3/10/2012,0.0390613926761132,9,27.2
3/11/2012,0.0585920890141698,9,26
3/12/2012,0,9.2,29.3
3/13/2012,1.45377782623635,9.4,24.8
3/14/2012,2.16517843073494,9.9,23
3/15/2012,0.0568165711652556,9.9,24.6
3/16/2012,0.16234564788108,10.5,25.9
3/17/2012,0.0974073887286479,13.5,25
3/18/2012,0,14.3,29.5
3/19/2012,0,14.2,30.2
3/20/2012,0,14.9,31
3/21/2012,0,13,29.6
3/22/2012,0,14.2,25.7
3/23/2012,0,16.2,28
3/24/2012,0,16,30.5
3/25/2012,0,16,31
3/26/2012,0,15.5,32.5
3/27/2012,1.67028050370981,14.8,30.4
3/28/2012,2.92708890763946,14.5,30.2
3/29/2012,4.86405897084412,16.7,30
3/30/2012,0,16.8,31
3/31/2012,0,17,31.2
4/1/2012,0.519506073219455,16.5,29.5
4/2/2012,0.259753036609728,16,30.5
4/3/2012,0.227283907033512,17.6,30.5
4/4/2012,8.67826817377609,18.4,29.6
4/5/2012,6.5057494541431,15.3,26.8
4/6/2012,0.139190041975818,13.4,28.7
4/7/2012,1.74760830480749,11.9,26.8
4/8/2012,0,13.5,27.4
4/9/2012,0.271471282297039,14.4,27.7
4/10/2012,14.4012077792711,14,27.6
4/11/2012,20.7993933086162,16.6,26.4
4/12/2012,30.4913259391617,15.6,24.3
4/13/2012,14.9942435642402,14.3,27.4
4/14/2012,3.57254441071266,12.4,28.2
4/15/2012,0.623505725048001,12.2,30
4/16/2012,6.73584617813874,15.4,26.9
4/17/2012,0.340242324829777,13.6,28.7
4/18/2012,0,15.5,29.6
4/19/2012,0.440418641376503,15.5,31.6
4/20/2012,0.278380083951636,16.2,32.3
4/21/2012,0,17.7,32.6
4/22/2012,0,18.6,29.8
4/23/2012,1.25271037778236,15.6,31.4
4/24/2012,0.87837544539114,15.3,31.6
4/25/2012,0.227283907033512,16.1,32.3
4/26/2012,0.16234564788108,16.6,32.5
4/27/2012,0.525829047464201,16.8,32.6
4/28/2012,0,17.9,32.6
4/29/2012,0,17.3,32.8
4/30/2012,0.850605812074443,15,32
5/1/2012,0,15.5,29.8
5/2/2012,0.0568165711652556,15.6,31
5/3/2012,6.38637579848609,14.4,31.3
5/4/2012,0.185586722634424,15.9,29
5/5/2012,0,11.3,29.1
5/6/2012,0,15.3,27.2
5/7/2012,0,14.2,29.8
5/8/2012,0,16.1,29.8
5/9/2012,0.122510731575082,18.9,31.9
5/10/2012,0.46396680658606,18.6,32.7
5/11/2012,5.67145257013144,17,31.5
5/12/2012,3.94383159798172,14.9,31.5
5/13/2012,14.5782606069108,18.9,31
5/14/2012,5.7131159520566,16,31.6
5/15/2012,1.7940049854661,17.2,33.3
5/16/2012,0.355707885049312,18.4,34.6
5/17/2012,0.122510731575082,15.9,32.4
5/18/2012,0,18.5,33.2
5/19/2012,0.0585920890141698,18,32.3
5/20/2012,0.850605812074443,17.2,32.5
5/21/2012,28.3129327066217,15.9,32.4
5/22/2012,0,14.3,33.5
5/23/2012,2.1287919328287,19.2,33
5/24/2012,26.7163387570001,19.6,34.2
5/25/2012,1.15991701646515,19.5,34.3
5/26/2012,2.23483790552297,21.8,34.3
5/27/2012,5.91574739697257,21.4,32.7
5/28/2012,22.354586204297,20.5,31.5
5/29/2012,0,19.4,32.6
5/30/2012,0.819674691635372,21.7,34.3
5/31/2012,1.90226390700284,21,33.6
6/1/2012,3.94371785598151,19.8,32.3
6/2/2012,16.6599761517643,20.4,32.4
6/3/2012,2.18064399095448,18.3,30.7
6/4/2012,2.47448963512565,21.3,31.3
6/5/2012,6.9841957138333,17,32
6/6/2012,42.1464396062477,16.7,32.3
6/7/2012,1.97191579899086,20.1,32.3
6/8/2012,14.4216543838574,19,31.8
6/9/2012,16.1114404855328,21.4,33.4
6/10/2012,0.139190041975818,19.9,33.2
6/11/2012,2.36629895878903,18.1,32
6/12/2012,1.33049495801794,19.4,33.2
6/13/2012,1.82493610590517,19.4,32.3
6/14/2012,11.3040481915981,20.3,32.6
6/15/2012,6.6890026595493,20.2,32.6
6/16/2012,1.23724481756283,21,32.3
6/17/2012,47.7876424085753,22.2,31.8
6/18/2012,26.3310876116942,21.4,27.6
6/19/2012,6.79001014236246,20.5,31
6/20/2012,11.8143358508426,20.6,31.2
6/21/2012,29.09807788707,20.5,31.2
6/22/2012,11.8518327465406,21.6,31.8
6/23/2012,7.91746106578257,21.2,31.3
6/24/2012,83.1936090393249,21.9,30.3
6/25/2012,22.3216944532361,21,32.8
6/26/2012,55.9998840563494,21.6,32.7
6/27/2012,14.1217678649493,21.4,29.3
6/28/2012,0.317736880143484,24.2,32.6
6/29/2012,32.4334939330023,20.2,31.6
6/30/2012,4.25758386565739,21.2,31.8
7/1/2012,9.84500545386802,21.8,33
7/2/2012,11.6083164149975,21.8,32
7/3/2012,4.72670323132962,21.5,30.5
7/4/2012,18.3840789348277,21,27.5
7/5/2012,24.6885874066033,21.4,30.6
7/6/2012,15.1052602780652,21,31.4
7/7/2012,12.9035379572416,20.4,33.4
7/8/2012,5.1005979490493,20.5,32
7/9/2012,8.07155701453563,20.2,32.3
7/10/2012,9.38474004113447,21.5,31.9
7/11/2012,23.0353763454633,21.8,29.3
7/12/2012,55.5247725820042,21.5,32.3
7/13/2012,51.2892605139828,21.3,29.8
7/14/2012,20.1675075802748,20.6,31.4
7/15/2012,16.52730214571,20.8,30.5
7/16/2012,37.64283315615,21.2,27.6
7/17/2012,11.2219450662407,21.2,30.2
7/18/2012,15.6088816061417,21.8,27.5
7/19/2012,23.7226892027944,21.9,27.3
7/20/2012,26.2246423236449,21.3,30.8
7/21/2012,7.34614110427928,21.8,31
7/22/2012,13.8486335417113,21.8,28.8
7/23/2012,4.53284389830132,21.3,29.5
7/24/2012,36.4469802460772,21.4,30.2
7/25/2012,18.7648070182002,21.4,30.2
7/26/2012,1.20930424654996,21.4,31
7/27/2012,1.44579301251283,22.2,29.8
7/28/2012,8.4900798764749,20.8,31.4
7/29/2012,18.4120717103574,21,30.5
7/30/2012,11.637239088135,21.3,31.3
7/31/2012,5.62363916061867,21.6,30
8/1/2012,8.62277201460559,21.3,29
8/2/2012,34.5625398888132,21.2,28.9
8/3/2012,45.92914686948,21.6,28.3
8/4/2012,6.4861362996858,20.5,31.7
8/5/2012,34.8738068087867,23.5,32.5
8/6/2012,37.0611710729087,19.8,32.5
8/7/2012,0,21.5,30.3
8/8/2012,25.8571207291402,22,28.3
8/9/2012,36.2655944128877,20.9,28.5
8/10/2012,11.699995826679,23.3,32.3
8/11/2012,20.5090560863661,20,31.3
8/12/2012,3.45187872358271,21.2,32.5
8/13/2012,13.596524288119,20.8,31.5
8/14/2012,8.62432722503353,20,32.4
8/15/2012,8.66034305624893,21,32.5
8/16/2012,5.59034973327102,20.8,32.2
8/17/2012,0,21.6,32.8
8/18/2012,43.5421594437751,21.6,32
8/19/2012,41.3590326659386,22.2,31.6
8/20/2012,66.3296686903712,19.9,27.3
8/21/2012,38.2910471203622,21.2,30.5
8/22/2012,28.5580469349317,21,29.5
8/23/2012,55.6119192410092,20.6,30.5
8/24/2012,14.3948563974906,19.6,32.5
8/25/2012,22.556940425593,21.4,30.8
8/26/2012,7.27310716864068,19.8,31.3
8/27/2012,6.09979287154505,21.4,32.8
8/28/2012,22.7363469903797,20.4,31.6
8/29/2012,27.2900505351868,21.3,31.3
8/30/2012,41.6346571594064,21.2,32.2
8/31/2012,11.328534548294,20.9,31.8
9/1/2012,18.4805883066028,20.8,31.6
9/2/2012,1.17999660409612,21.6,31.2
9/3/2012,6.11522051776452,20.8,32.3
9/4/2012,61.3254627632561,19.7,30.5
9/5/2012,49.0799375421915,19.8,32.5
9/6/2012,5.27386977686175,20.2,30.8
9/7/2012,8.76146355696717,20.5,33
9/8/2012,0,20.5,33.4
9/9/2012,0.434017501137447,20.8,31.7
9/10/2012,23.7167705644503,21.5,32.3
9/11/2012,56.6940481502501,21.2,31
9/12/2012,8.27410196157956,21.5,28.6
9/13/2012,33.8607439969407,21.2,29.5
9/14/2012,28.8232449575801,20.8,31.6
9/15/2012,26.5040560353969,20.4,29.8
9/16/2012,37.9575955601082,20.6,30
9/17/2012,53.4445749542994,20.3,26.3
9/18/2012,33.2074906696193,18.4,23.7
9/19/2012,0.835140251854907,17.3,28.8
9/20/2012,0,17.8,31.3
9/21/2012,7.09889687636709,18.3,32.7
9/22/2012,1.31461053266057,18.9,31.4
9/23/2012,5.48268137962553,19,31.8
9/24/2012,0,19.2,31
9/25/2012,0,16.2,31
9/26/2012,0,22.8,31
9/27/2012,0,22.9,31.5
9/28/2012,0,22.8,31.5
9/29/2012,0,18.4,32
9/30/2012,0,19.7,31.3
10/1/2012,12.6432435529267,19.4,30.9
10/2/2012,1.11352033580654,21,30.4
10/3/2012,1.48471652947543,18,29.8
10/4/2012,9.02861701634466,17.6,29.5
10/5/2012,1.31461053266057,15.5,29.8
10/6/2012,0,15.2,29.3
10/7/2012,0,14.5,29.5
10/8/2012,0.0514900176185129,16,31.2
10/9/2012,0,15.7,30.2
10/10/2012,0,15.3,29
10/11/2012,0.0621431247119983,14.3,29.2
10/12/2012,0,14.4,29.3
10/13/2012,0,14.2,29
10/14/2012,0,13,28.2
10/15/2012,0,13.2,27.9
10/16/2012,0,15,28.5
10/17/2012,0,14.7,29
10/18/2012,0.46396680658606,12.2,28.1
10/19/2012,0,12.7,28.4
10/20/2012,0,13.2,27.8
10/21/2012,0,12.6,28.3
10/22/2012,0,12.4,28.6
10/23/2012,0,12.6,28.2
10/24/2012,0,12.5,24.2
10/25/2012,0,10.2,26.5
10/26/2012,0,10.7,26.8
10/27/2012,0,9.9,28.6
10/28/2012,0,10.4,28.6
10/29/2012,0,14.9,28.3
10/30/2012,0,10.3,28.9
10/31/2012,0,10.2,28.8
11/1/2012,0,10.3,27.8
11/2/2012,0,10.6,27.9
11/3/2012,0,9.9,26.3
11/4/2012,0,10.6,27.2
11/5/2012,0,10.2,26.8
11/6/2012,0,10.5,26.8
11/7/2012,0,8.7,26.3
11/8/2012,0,8.6,25.3
11/9/2012,0,8.9,26.2
11/10/2012,0,11.9,25.2
11/11/2012,0,9.3,25.8
11/12/2012,0,11,24.8
11/13/2012,0.0692451961076552,8.8,26.2
11/14/2012,0,8.6,26.7
11/15/2012,0,8.6,26.3
11/16/2012,0,9.3,26.7
11/17/2012,0,7.7,27.8
11/18/2012,0,8.4,28.2
11/19/2012,0,7.9,25.8
11/20/2012,0,7.7,25.8
11/21/2012,0,8.2,25.2
11/22/2012,0,7.8,23.5
11/23/2012,0,8.4,25
11/24/2012,0,11.2,25
11/25/2012,0,7.4,23.8
11/26/2012,0,7.4,23.7
11/27/2012,0,8.2,23.3
11/28/2012,0,7.9,21.7
11/29/2012,0,9.6,23.3
11/30/2012,0,8.7,23.6
12/1/2012,0,8.3,24.9
12/2/2012,0,7.9,23.6
12/3/2012,0,7.4,23.9
12/4/2012,0,6.6,26.2
12/5/2012,0,7,23.7
12/6/2012,0,8.4,22.7
12/7/2012,0,9.4,24.6
12/8/2012,0,10.9,24.5
12/9/2012,0,11.8,22.9
12/10/2012,0,10.2,23
12/11/2012,0,9.3,22.8
12/12/2012,0.0337348391293705,8.3,23.6
12/13/2012,0.0266327677337136,8.5,22
12/14/2012,0,7.9,24.8
12/15/2012,0,5.9,23
12/16/2012,0,6.2,23.3
12/17/2012,0,6.6,23.2
12/18/2012,0,8.4,22.9
12/19/2012,0,6.9,21.7
12/20/2012,0,8.2,21
12/21/2012,0,6.7,18.6
12/22/2012,0,8.2,20.6
12/23/2012,0,6.4,23.6
12/24/2012,0,4.5,24.7
12/25/2012,0,4.2,22
12/26/2012,0,4.2,20.7
12/27/2012,0,4.4,21.3
12/28/2012,0,5.2,21.2
12/29/2012,0,4.6,22.2
12/30/2012,0,4.6,20.5
12/31/2012,0,6.6,21.9
1/1/2013,0,6.4,21.2
1/2/2013,0,6.4,22.7
1/3/2013,0,6.4,21.6
1/4/2013,0,4.6,20.3
1/5/2013,0,4.3,21.7
1/6/2013,0,2.5,19.8
1/7/2013,0,4,20.5
1/8/2013,0,9.2,18
1/9/2013,0,2.6,17.7
1/10/2013,0,3.5,17.9
1/11/2013,0,4.1,18.6
1/12/2013,0,5.2,21.5
1/13/2013,0,5.8,21.2
1/14/2013,0,6.4,20.8
1/15/2013,0,6.9,20.9
1/16/2013,0,5.9,22.5
1/17/2013,8.78126672291837,7.4,22
1/18/2013,2.63733609517805,11.3,20.2
1/19/2013,3.78212308845563,10,20.3
1/20/2013,1.35325547620938,6.4,21.5
1/21/2013,0,5.3,22.5
1/22/2013,8.15058530249555,5.8,21.3
1/23/2013,0,6.4,21.3
1/24/2013,0,6.8,21.2
1/25/2013,0,6.8,21.2
1/26/2013,0,7.2,21.2
1/27/2013,0,6.8,21.7
1/28/2013,0,7.5,20.5
1/29/2013,0,8.4,24.5
1/30/2013,0,9.3,24.2
1/31/2013,0,9.7,23.5
2/1/2013,0,10,21.5
2/2/2013,0,10,21.9
2/3/2013,0,10.8,24.5
2/4/2013,0,9.9,21.2
2/5/2013,0.618622408781413,11,19.6
2/6/2013,5.45320401415079,10.9,19.7
2/7/2013,0.201052282853959,9.7,24
2/8/2013,0,8.6,23.7
2/9/2013,2.62922106532114,7.6,24.6
2/10/2013,4.99552002411017,8.3,24
2/11/2013,0,9.3,25.4
2/12/2013,0,9.3,22.5
2/13/2013,0,9,26.2
2/14/2013,0,8.6,27.3
2/15/2013,0.00268386248756166,11,21
2/16/2013,7.18888597798129,11.9,18.8
2/17/2013,20.3255869991279,10.3,22
2/18/2013,7.98296974810761,5.6,20.5
2/19/2013,0,8.6,23
2/20/2013,0.0268386248756166,10.2,23
2/21/2013,0.742346890537695,8.5,23.9
2/22/2013,0,9.4,26
2/23/2013,6.38637579848609,11.6,26
2/24/2013,2.35837590401493,13,20.8
2/25/2013,2.39489092443228,9.2,26
2/26/2013,0,11.2,27.9
2/27/2013,0,11.9,28.4
2/28/2013,0,12.4,29
3/1/2013,0,11.3,28.2
3/2/2013,0,11.5,27.5
3/3/2013,0,13.3,28.7
3/4/2013,0,14.3,28.5
3/5/2013,0,15.4,29.2
3/6/2013,0,13.8,29.7
3/7/2013,0,13.9,27.3
3/8/2013,0,14.4,29.4
3/9/2013,0,14.8,27.9
3/10/2013,1.31461053266057,14.9,24.5
3/11/2013,1.75488887390012,10.9,26.7
3/12/2013,0,13.6,28.5
3/13/2013,0,15.9,28.3
3/14/2013,2.66786600886995,14.3,29
3/15/2013,3.95099842507413,12.2,29.8
3/16/2013,0,15.4,30.4
3/17/2013,0,14.9,26
3/18/2013,0,10.1,27.6
3/19/2013,0,12.6,28.3
3/20/2013,1.97191579899086,15.4,27.2
3/21/2013,0,13.1,29.6
3/22/2013,6.10889628671645,10.7,27.3
3/23/2013,0,14.8,27.5
3/24/2013,0,15.1,28.4
3/25/2013,0.788766319596343,15.9,28.3
3/26/2013,0.804209131415837,14.2,31
3/27/2013,0,14.9,29.8
3/28/2013,0,16.1,28.8
3/29/2013,2.9771999616607,16.1,31.2
3/30/2013,0.42522150239747,14.9,29.9
3/31/2013,0,15.4,29.4
4/1/2013,0.0670965621890417,12.6,30.4
4/2/2013,1.97191579899086,15.9,31.9
4/3/2013,0,14.7,31.5
4/4/2013,0.467154880115233,12.8,30.5
4/5/2013,0,15.5,30.2
4/6/2013,0,15.5,30.2
4/7/2013,0,15.5,30.5
4/8/2013,0,18.5,30.5
4/9/2013,0,13.5,31.4
4/10/2013,0,19.5,33.4
4/11/2013,0.0268386248756166,18.4,33.4
4/12/2013,0,18.3,33.9
4/13/2013,0,19.2,34.3
4/14/2013,0.0536772497512333,19.9,31.8
4/15/2013,0,15.8,31.8
4/16/2013,0,15.4,30.2
4/17/2013,3.15506527838537,14.8,28.9
4/18/2013,12.1483605826453,13.4,27.4
4/19/2013,5.05588084046815,14.4,29.2
4/20/2013,0.171767199203946,15.6,26.4
4/21/2013,8.84679308649599,14.7,20.8
4/22/2013,1.68574606392935,15.2,24.3
4/23/2013,14.2820101599624,14.9,26.3
4/24/2013,4.91812397781237,16.4,30.99
4/25/2013,2.39489092443228,15.6,30.71
4/26/2013,1.06439596641435,14.3,30.85
4/27/2013,0,16.9,30.67
4/28/2013,0,19.4,30.31
4/29/2013,3.76177497757523,18.3,30.38
4/30/2013,0.293845644171171,19.4,30.09
5/1/2013,29.8653982879615,17.1,32.9
5/2/2013,1.99505726832006,18.9,32.4
5/3/2013,0,18.3,32.1
5/4/2013,0,17.9,31.2
5/5/2013,0,18.3,30.1
5/6/2013,0.448501246366524,16.8,28.4
5/7/2013,26.4716174822212,17.9,28.9
5/8/2013,3.02360422511932,19.4,27.6
5/9/2013,14.6354445381973,20.7,29.4
5/10/2013,4.02841145746997,18.4,29.6
5/11/2013,0.46396680658606,18.7,30.9
5/12/2013,12.5087420005613,18.2,32.9
5/13/2013,0,18.7,31.6
5/14/2013,0,17.4,30.9
5/15/2013,4.33821475777989,18.4,29.8
5/16/2013,0.742346890537695,17.4,28.7
5/17/2013,30.6818010669621,16.7,30.8
5/18/2013,11.6829131903974,17.9,30.4
5/19/2013,3.97012380863493,19.9,31.3
5/20/2013,19.3133262185157,20.9,28.2
5/21/2013,11.9895270372546,20.9,30.2
5/22/2013,37.7548657476484,21.4,29.6
5/23/2013,2.21385121542676,21.9,32.1
5/24/2013,38.7019188959436,20.9,28.4
5/25/2013,34.0283268317661,22.4,30.5
5/26/2013,70.6542924332077,21.7,30.3
5/27/2013,19.5506019413922,20,31.3
5/28/2013,3.3528472942052,21.6,31.9
5/29/2013,42.1900097024647,20.4,30.8
5/30/2013,0.046396680658606,18.3,31.2
5/31/2013,0.107354499502467,19.32,31.03
6/1/2013,12.3646713662762,20.2,28.9
6/2/2013,0,19.1,32.2
6/3/2013,4.04900044059456,20,32.2
6/4/2013,11.9756633874971,22.4,33.3
6/5/2013,14.1521085963979,22.4,31.4
6/6/2013,16.0778322092514,21.6,30.9
6/7/2013,14.5775105853395,21.8,31.6
6/8/2013,8.51629399910359,21.4,31.5
6/9/2013,36.6684410429743,22.8,30.5
6/10/2013,41.6391087159945,23.6,31.3
6/11/2013,24.1733075783349,21.5,30.9
6/12/2013,7.46698782551205,22,33.5
6/13/2013,21.1533101860004,20.8,33.3
6/14/2013,2.95398266433136,21.7,32.8
6/15/2013,6.70447580256885,20.9,26.4
6/16/2013,3.81443215302325,20.9,25.7
6/17/2013,60.0710504423883,18.5,21.9
6/18/2013,87.1328804267527,18.8,24.4
6/19/2013,25.508059913206,18.6,27.4
6/20/2013,0.927933613172119,20.7,32.4
6/21/2013,4.97991039069037,22.5,32.8
6/22/2013,33.1044521270505,22.4,31.2
6/23/2013,28.5165574677935,22,33
6/24/2013,24.7514558579613,22.3,33.2
6/25/2013,1.3059435902949,22.4,33.4
6/26/2013,17.4556318756199,21.8,32
6/27/2013,3.64535232895991,22.9,31.3
6/28/2013,31.7758633833037,22.4,29.8
6/29/2013,13.0535041231467,22.3,28.9
6/30/2013,17.1383799413445,22.3,31.2
7/1/2013,2.39716183402797,22.3,30.4
7/2/2013,16.1677886788181,22.7,28.9
7/3/2013,10.2944992663819,21.8,31.6
7/4/2013,3.332674082406,22.4,30.8
7/5/2013,12.2880178492474,22.5,29.7
7/6/2013,36.4628345226996,21.9,28.8
7/7/2013,4.17570125927454,21.8,28.9
7/8/2013,10.4863391819927,21.9,27.5
7/9/2013,51.6018242902247,21.7,28.8
7/10/2013,13.3005114731214,21.9,29.3
7/11/2013,41.5760818863115,22.2,29.1
7/12/2013,6.47598481922186,22.2,32.2
7/13/2013,11.3673839141588,22.7,31.8
7/14/2013,0.624998555839759,22.6,30.8
7/15/2013,9.58979435629687,21.9,28.8
7/16/2013,0.568133232559353,22.4,30.4
7/17/2013,26.0843626183075,22.2,29.6
7/18/2013,20.5298122934191,22.4,29.4
7/19/2013,63.8636392079361,21.9,28.3
7/20/2013,23.9611167733782,21.6,32.2
7/21/2013,10.1731671426766,22.5,31.4
7/22/2013,6.65019089440019,22.2,32.1
7/23/2013,30.1508545685527,22.9,32.8
7/24/2013,45.5626626611531,21.4,31.8
7/25/2013,52.2864107666151,20.4,30.7
7/26/2013,34.8160534915614,22.4,32.9
7/27/2013,17.9558414752811,21.1,32.5
7/28/2013,13.7990236706684,21.9,31.6
7/29/2013,0.550858828271255,21.8,32.7
7/30/2013,25.0565174235243,22.6,32.4
7/31/2013,6.93001963655628,22.9,36.6
8/1/2013,10.3466645224695,22.3,31.2
8/2/2013,18.3100127234571,21.8,31.6
8/3/2013,28.2716671765236,21.6,31.3
8/4/2013,0,22.4,33
8/5/2013,20.6237453981511,20.4,31.8
8/6/2013,12.890737804383,20.8,31
8/7/2013,15.2423974070373,21.4,29.4
8/8/2013,28.8650659667099,21.4,29.5
8/9/2013,16.6205944353146,22.1,30.4
8/10/2013,33.7712201596884,21.9,30.5
8/11/2013,1.3168562701554,22,28.5
8/12/2013,24.4965016340193,21.8,30.4
8/13/2013,0.154655602195353,22.9,31.6
8/14/2013,24.7656786091708,20.6,31.6
8/15/2013,8.57588441713276,21.5,32
8/16/2013,4.00558009685965,21.3,30.5
8/17/2013,27.3469621673264,21.9,29.7
8/18/2013,33.8488116149886,21.4,30
8/19/2013,6.30703289504683,21.5,30.2
8/20/2013,24.8795043347447,21.4,29.5
8/21/2013,15.8935489563656,22.4,29.5
8/22/2013,25.6356880412269,20.2,28.8
8/23/2013,0.123724481756283,21,31.9
8/24/2013,0.154655602195353,22.4,32.6
8/25/2013,0.309311204390706,22.5,32
8/26/2013,2.07608222496415,22.6,31.5
8/27/2013,3.61583389978628,21.6,29
8/28/2013,1.59295270261214,22,31.8
8/29/2013,4.33035686146989,20.7,31.2
8/30/2013,26.7827631771072,22.5,30.3
8/31/2013,10.8262030484753,21.5,30.5
9/1/2013,17.5552781576351,21.7,28.5
9/2/2013,12.653397600023,21.8,30.5
9/3/2013,3.11944216856034,22,31.5
9/4/2013,10.0440091153659,21,32.5
9/5/2013,3.13181006705596,20.7,33
9/6/2013,0.0309311204390706,19.9,30.8
9/7/2013,0,21.5,31
9/8/2013,0.154655602195353,19.5,31.5
9/9/2013,0,19.5,32
9/10/2013,4.33821475777989,20.1,32
9/11/2013,0.0309311204390706,19,33
9/12/2013,0.0268386248756166,19.5,33
9/13/2013,5.96970624474063,18.5,31
9/14/2013,0.0154655602195353,18.6,32
9/15/2013,4.23304591516704,24,32
9/16/2013,3.02360422511932,19.5,33
9/17/2013,0.0402579373134249,20.5,32.5
9/18/2013,0,21.5,34.5
9/19/2013,0,20.5,33.5
9/20/2013,0.0107354499502467,20.5,32.5
9/21/2013,0.217392861492495,22,33
9/22/2013,7.78238061135038,20.8,33
9/23/2013,2.38169627380844,20.4,32.5
9/24/2013,2.12301773704515,18.5,31.6
9/25/2013,0.0154655602195353,21,31
9/26/2013,7.11415770098625,20,32.4
9/27/2013,19.6572097903549,17.9,29.6
9/28/2013,2.87518556775768,19.3,26.2
9/29/2013,0.154655602195353,20.5,28.7
9/30/2013,1.74760830480749,21,32.5
